Ariana Grande;7 rings;NASA;needy;;;;;;;;;;
Fear, and Loathing in Las Vegas;Just Awake;;;;;;;;;;;;
j'san;My Love;;;;;;;;;;;;
junior state;Levitate;Mighty;Townie;;;;;;;;;;
KARD;DÃ­melo;Hola Hola;Ride on the wind;;;;;;;;;;
Kupla;Coastal Town;My Love;Tiger;;;;;;;;;;
Nobuo Uematsu;Tidus's Theme;Zanarkand;;;;;;;;;;;
Red Velvet;Jumpin';Umpah Umpah;;;;;;;;;;;
SID;Rain;Uso;;;;;;;;;;;
SUPER JUNIOR;Black Suit;Girlfriend;Good Day for a Good Day;SUPER Clap;;;;;;;;;
Teen Top;Run Away;;;;;;;;;;;;
TWICE;BREAKTHROUGH - Korean Ver.;Feel Special;GET LOUD;LOVE FOOLISH;RAINBOW;TRICK IT;;;;;;;
Weki Meki;Iron Boy;Metronome;Tiki-Taka(99%);;;;;;;;;;
WJSN;Boogie Up;;;;;;;;;;;;
