Birocratic;If I Tried;;;;;;;;;;;;
blnkspc_;tonite;;;;;;;;;;;;
BoA;MASAYUME CHASING;ONE SHOT, TWO SHOT;;;;;;;;;;;
City Girl;Gossamer Dress;Motionless;Phosphorus Kiss;;;;;;;;;;
Deeb;Palm Parallels;;;;;;;;;;;;
Dontcry;Wavey;;;;;;;;;;;;
frederic;Kanashii Ureshii;;;;;;;;;;;;
Ibrahim;Gossamer Dress;;;;;;;;;;;;
IZ*ONE;Airplane;Highlight;Up;Violeta;;;;;;;;;
Kalaido;Hanging Lanterns;;;;;;;;;;;;
Maroon 5;Animals;Feelings;Maps;;;;;;;;;;
Masashi Hamauzu;The Sunleth Waterscape;;;;;;;;;;;;
Masatoshi Ono;Departure!;;;;;;;;;;;;
Mrs. GREEN APPLE;インフェルノ;;;;;;;;;;;;
Nokiaa;Wavey;;;;;;;;;;;;
NU'EST;BET BET;Dejavu;Different;Gravity&Moon;;;;;;;;;
Queen Bee;Fire;;;;;;;;;;;;
santpoort;Phosphorus Kiss;;;;;;;;;;;;
SEVENTEEN;A-TEEN;Good to Me;;;;;;;;;;;
tiffi;Motionless;;;;;;;;;;;;
TWICE;FANCY;HOT;;;;;;;;;;;
X1;FLASH;Like Always;;;;;;;;;;;
Yoko Shimomura;Somnus - Instrumental Version;Valse di Fantastica;;;;;;;;;;;
